Name,Company,Email,Pastebin
John Smith,ABC Inc,john.smith@example.com,https://pastebin.com/abcdef
John Smith,ABC Inc,john.smith@example.com,https://pastebin.com/abcdef
Emily Johnson,XYZ Corp,emily.johnson@example.com,https://pastebin.com/xyz123
Michael Davis,LMN Ltd,michael.davis@example.com,https://pastebin.com/lmn456
Sarah Wilson,PQR Industries,sarah.wilson@example.com,https://pastebin.com/pqr789
David Brown,123 Enterprises,david.brown@example.com,https://pastebin.com/123abc
Alice Taylor,456 Corp,alice.taylor@example.com,https://pastebin.com/456xyz
James Lee,789 Ltd,james.lee@example.com,https://pastebin.com/789lmn
Jennifer Miller,ABC Inc,jennifer.miller@example.com,https://pastebin.com/abc123
William Davis,XYZ Corp,william.davis@example.com,https://pastebin.com/xyz456
Mary Anderson,LMN Ltd,mary.anderson@example.com,https://pastebin.com/lmn789
Robert Wilson,PQR Industries,robert.wilson@example.com,https://pastebin.com/pqr101
Linda Taylor,123 Enterprises,linda.taylor@example.com,https://pastebin.com/123xyz
Neeraj,Groww,cto.neeraj@groww.in,https://pastebin.com/KxDeZwDs
John Doe,ABC Inc,johndoe@example.com,https://pastebin.com/abc123
Alice Smith,XYZ Corp,alice.smith@example.com,https://pastebin.com/xyz456
Bob Johnson,LMN Ltd,bob.johnson@example.com,https://pastebin.com/lmn789
Sara Brown,PQR Industries,sara.brown@example.com,https://pastebin.com/pqr101
Michael Lee,123 Enterprises,michael.lee@example.com,https://pastebin.com/123xyz
Emily Davis,456 Corp,emily.davis@example.com,https://pastebin.com/456abc
David Wilson,789 Ltd,david.wilson@example.com,https://pastebin.com/789lmn
Jennifer Taylor,ABC Inc,jennifer.taylor@example.com,https://pastebin.com/ab123cd
William Anderson,XYZ Corp,william.anderson@example.com,https://pastebin.com/xy789z
Christopher Smith,456 Corp,christopher.smith@example.com,https://pastebin.com/456abc
Amanda Johnson,789 Ltd,amanda.johnson@example.com,https://pastebin.com/789pqr
Daniel Wilson,ABC Inc,daniel.wilson@example.com,https://pastebin.com/abc456
Karen Davis,XYZ Corp,karen.davis@example.com,https://pastebin.com/xyz789
Joseph Martin,LMN Ltd,joseph.martin@example.com,https://pastebin.com/lmn123
Susan Anderson,PQR Industries,susan.anderson@example.com,https://pastebin.com/pqr456
Matthew Lee,123 Enterprises,matthew.lee@example.com,https://pastebin.com/123lmn
Nancy Taylor,456 Corp,nancy.taylor@example.com,https://pastebin.com/456pqr
Thomas Brown,789 Ltd,thomas.brown@example.com,https://pastebin.com/789abc
Elizabeth Smith,ABC Inc,elizabeth.smith@example.com,https://pastebin.com/abc789
Kevin Johnson,XYZ Corp,kevin.johnson@example.com,https://pastebin.com/xyz101
Patricia Davis,LMN Ltd,patricia.davis@example.com,https://pastebin.com/lmnabc
